MCL_Timestamp,MCL_X,MCL_Y,Odom_Timestamp,Odom_X,Odom_Y
138.184,0.000614845756950689,-0.0002685719612198964,138.523,0.000292345178746105,5.191617140292385e-09
138.284,0.0006286640528146239,-0.0002685883992428547,138.623,0.00029820044851843874,5.417695101436307e-09
138.484,0.0006491487496460905,-0.00026784336038292893,138.723,0.00028281635671833404,-1.5713191689981274e-08
138.584,0.0009458390501880338,-0.0006155779378420339,138.823,0.0002814699545544068,-1.5613759091662553e-08
138.584,0.0009458390501880338,-0.0006155779378420339,138.923,0.0002809027934928028,-2.4494801137682014e-08
138.784,0.0018128285723611754,-0.0021370285045541554,139.023,0.00028023344525299,-4.542144864333691e-08
138.784,0.0018128285723611754,-0.0021370285045541554,139.123,0.00027922133137645445,-9.734308890850589e-08
138.984,0.002883531608103469,-0.0015676966843067269,139.223,0.0002777745128412078,-2.0765475778731983e-07
138.984,0.002883531608103469,-0.0015676966843067269,139.323,0.0002758594445612179,-4.112433336179581e-07
139.084,-0.0009318875278178104,-0.005797654853166756,139.423,0.0002734880732517767,-7.471390087682468e-07
139.284,-0.002139901154325114,-0.004670097064944138,139.523,0.00027072187413694206,-1.2518814043315633e-06
139.284,-0.002139901154325114,-0.004670097064944138,139.623,0.00026768737635273507,-1.9470458647102135e-06
139.484,-0.002070233060468377,-0.006386314009893347,139.723,0.0002644277707546003,-2.8662563353405645e-06
139.484,-0.002070233060468377,-0.006386314009893347,139.823,0.00026126875781444953,-3.933721988912588e-06
139.584,-0.013021133991819952,-0.008933282383102283,139.923,0.0002590611362124765,-4.798789480761705e-06
139.584,-0.013021133991819952,-0.008933282383102283,140.023,0.0002448866123450492,-1.140850669669448e-05
139.784,-0.013549722244952031,-0.007613023559901508,140.123,0.00021076562285275146,-2.885991570599186e-05
139.984,-0.01390971499384543,-0.007854297038950506,140.223,0.00018647886652610376,-4.294217395067219e-05
139.984,-0.01390971499384543,-0.007854297038950506,140.323,0.00016327741587059808,-5.797324807660537e-05
140.184,-0.013632796151937653,-0.008024608260341803,140.423,0.00015928363189520906,-6.0764283125994244e-05
140.184,-0.013632796151937653,-0.008024608260341803,140.523,0.00014147330076566122,-7.482676018420332e-05
140.284,-0.011012352668215012,-0.007876213742477673,140.623,0.00013633813159232586,-7.959489273260766e-05
140.284,-0.011012352668215012,-0.007876213742477673,140.723,0.00013302599419285748,-8.293197916443443e-05
140.484,-0.008817175219830003,-0.008346165208607464,140.823,0.0001325328140242595,-8.364434301935317e-05
140.684,-0.008055992633291209,-0.007822298074097284,140.923,0.00013731167423841915,-7.802801065638354e-05
140.684,-0.008055992633291209,-0.007822298074097284,141.023,0.00014270615316197988,-7.109967345976155e-05
140.884,-0.005972707659050255,-0.007940421532098384,141.123,0.00014304528549418253,-7.030926202054596e-05
140.884,-0.005972707659050255,-0.007940421532098384,141.223,0.00015201344958322988,-5.5851688580057405e-05
141.084,-0.006263096597167018,-0.008065047431255943,141.323,0.0001552911792235587,-5.00698752976694e-05
141.084,-0.006263096597167018,-0.008065047431255943,141.423,0.0001544356034460052,-5.172377471338683e-05
141.184,-0.0053841776444264,-0.011810523111785402,141.523,0.0001543082023457672,-5.2412492192591804e-05
141.384,-0.002187072776796298,-0.013218613484245037,141.623,0.00014855400494335016,-6.840424697975593e-05
141.384,-0.002187072776796298,-0.013218613484245037,141.723,0.00014537753055479416,-7.88680221281785e-05
141.584,-0.0014325991102479374,-0.015213532565605495,141.823,0.00014080114597070384,-9.693739623228872e-05
141.584,-0.0014325991102479374,-0.015213532565605495,141.923,0.0001380164469573373,-0.00011138597518379007
141.784,0.00012109892889589411,-0.016973488824513074,142.023,0.00013811002194400528,-0.00010902726752467696
141.784,0.00012109892889589411,-0.016973488824513074,142.123,0.0001399203661238563,-9.090954105650664e-05
141.884,-0.0027343563572696213,-0.01797372155811017,142.223,0.00014075327142487948,-7.424557170552142e-05
142.084,-0.002417257001687167,-0.018693059631930374,142.323,0.00014075670375508805,-5.7581548007238116e-05
142.084,-0.002417257001687167,-0.018693059631930374,142.423,0.00014008843357296482,-4.411172114985931e-05
142.284,-0.0033089660726546457,-0.02060852826188361,142.523,0.00013889333419138546,-3.205884884176215e-05
142.284,-0.0033089660726546457,-0.02060852826188361,142.623,0.00013716742725001753,-2.052426425536034e-05
142.384,-0.005064479153641884,-0.023748551189403742,142.723,0.00013547138616358295,-1.2145990273008436e-05
142.584,-0.00465963085518675,-0.025072542762281734,142.823,0.000133677187858604,-5.053678571242548e-06
142.584,-0.00465963085518675,-0.025072542762281734,142.923,0.00013177877539636922,1.1413343329161735e-06
142.784,-0.005701748822020528,-0.02819992383505256,143.023,0.0001304638658819161,4.755525640892752e-06
142.784,-0.005701748822020528,-0.02819992383505256,143.123,0.00012940067696028186,7.357901404465803e-06
142.884,-0.009302460479891852,-0.031954110410301946,143.223,0.00013203450894406056,1.8990874554308722e-06
142.884,-0.009302460479891852,-0.031954110410301946,143.323,0.00013495723147341477,-3.513242929453249e-06
143.084,-0.011345443223970573,-0.03196847837110187,143.423,0.00013718599212687765,-7.163794281615441e-06
143.284,-0.00992651837983807,-0.033549062507317325,143.523,0.00013745023880045587,-7.583269271350097e-06
143.284,-0.00992651837983807,-0.033549062507317325,143.623,0.00013762366997538506,-7.845219582393203e-06
143.484,-0.007772590189998844,-0.03644557052675077,143.723,0.00013530071024929203,-5.05325461243541e-06
143.484,-0.007772590189998844,-0.03644557052675077,143.823,0.00013021428160612145,4.173774072155088e-07
143.684,-0.005596299731947489,-0.03829869679559614,143.923,0.00012404537665402262,6.4362789208283596e-06
143.684,-0.005596299731947489,-0.03829869679559614,144.023,0.00011406574758223022,1.5300927181399948e-05
143.784,-0.012628640829536214,-0.03628842216853287,144.123,0.00011175843282992512,1.735231704494482e-05
143.784,-0.012628640829536214,-0.03628842216853287,144.223,0.00011312823428789489,1.6309260895836194e-05
143.984,-0.010139417341044314,-0.03610142410178198,144.323,0.0001215096303778379,1.0694396538958632e-05
144.184,-0.006942718796236186,-0.035916505025280515,144.423,0.00012077583717768206,1.1241586768948792e-05
144.184,-0.006942718796236186,-0.035916505025280515,144.523,0.00013137940261252266,5.827799204950174e-06
144.384,-0.005314189787531064,-0.03491234939598898,144.623,0.00012896688806674327,6.760198058177649e-06
144.384,-0.005314189787531064,-0.03491234939598898,144.723,0.00012578376359456166,7.909260568155331e-06
144.584,-0.004454226962657852,-0.03432240811945852,144.823,0.00011931671392474836,1.026725914005676e-05
144.584,-0.004454226962657852,-0.03432240811945852,144.923,0.00012185372586209729,9.405825725927304e-06
144.684,-0.014033270234599583,-0.03435720888271571,145.023,0.00012683560357516706,8.311261171396693e-06
144.884,-0.012117191844104709,-0.0342219370098677,145.123,0.00013397619391778432,7.1595128067437406e-06
144.884,-0.012117191844104709,-0.0342219370098677,145.223,0.00014927012456084215,5.150249460509434e-06
145.084,-0.011644180324679159,-0.03533882588978053,145.323,0.00015869176823476874,4.3658567581597005e-06
145.084,-0.011644180324679159,-0.03533882588978053,145.423,0.00016744885446463636,4.12643557771881e-06
145.284,-0.010424780384418804,-0.03498363993937127,145.523,0.00015451578180629218,3.7422588371853573e-06
145.284,-0.010424780384418804,-0.03498363993937127,145.623,0.00013900154245542417,2.629753943455156e-06
145.484,-0.0074704130309328435,-0.034666798290727247,145.723,0.0001242737529772298,8.52018170587506e-07
145.484,-0.0074704130309328435,-0.034666798290727247,145.823,0.00011005851172730693,-1.5974143311479908e-06
145.584,-0.0061484189515692515,-0.03365161220039837,145.923,9.832664156472591e-05,-4.228041193467175e-06
145.784,-0.008360500760418886,-0.03333235231161334,146.023,8.758290807057678e-05,-7.189154957645606e-06
145.784,-0.008360500760418886,-0.03333235231161334,146.123,7.754357226334598e-05,-1.0512844042727892e-05
145.984,-0.008559881919140446,-0.03160595247001647,146.223,6.985324395856573e-05,-1.3492713521553032e-05
145.984,-0.008559881919140446,-0.03160595247001647,146.323,6.303128747283022e-05,-1.6518479983712817e-05
146.184,-0.007138177008433745,-0.030714387142492704,146.423,5.6721559525277416e-05,-1.9714636837317013e-05
146.184,-0.007138177008433745,-0.030714387142492704,146.523,5.2397983682366885e-05,-2.2184099270939518e-05
146.284,-0.005684373044685652,-0.03052433147080978,146.623,5.55989166595769e-05,-2.008669189008555e-05
146.484,-0.005229626388148081,-0.02984570899531844,146.723,5.830181492336955e-05,-1.8184684296412616e-05
146.484,-0.005229626388148081,-0.02984570899531844,146.823,6.021595737241468e-05,-1.6695048366596154e-05
146.684,-0.008129115194834825,-0.02869352531122133,146.923,5.952585281055823e-05,-1.7294009060891313e-05
146.684,-0.008129115194834825,-0.02869352531122133,147.023,5.61618256798067e-05,-2.0566212718345145e-05
146.884,-0.007996415336685745,-0.028177772968122915,147.123,5.210669919730628e-05,-2.4916674736231307e-05
146.884,-0.007996415336685745,-0.028177772968122915,147.223,4.564032912379808e-05,-3.2524304415612254e-05
147.084,-0.006084946951027598,-0.026758336270626765,147.323,3.664533946740141e-05,-4.4283744614848014e-05
147.084,-0.006084946951027598,-0.026758336270626765,147.423,2.726042016705358e-05,-5.790458123981821e-05
147.184,-0.003817393968151476,-0.02324566639791105,147.523,2.0317222198245875e-05,-6.879460960820104e-05
147.384,-0.001407958079320591,-0.021448669527663947,147.623,1.9813812950101505e-05,-7.001117702007224e-05
147.384,-0.001407958079320591,-0.021448669527663947,147.723,1.820966135065643e-05,-7.312248324937964e-05
147.584,0.0006888474238986587,-0.019230477954663754,147.823,1.4803472378155648e-05,-8.116200798355228e-05
147.584,0.0006888474238986587,-0.019230477954663754,147.923,1.2003922248514265e-05,-8.885768341223881e-05
147.784,0.003648087637052076,-0.01614251635176005,148.023,1.218453092670697e-05,-8.823589472012695e-05
147.784,0.003648087637052076,-0.01614251635176005,148.123,7.781005678712147e-06,-0.00010428601442033573
147.884,0.033821828321073166,-0.005972743840734732,148.223,6.895199089710721e-06,-0.00010829184268805547
148.084,0.03195301425447717,-0.004981853138657533,148.323,7.086027970371564e-06,-0.00010791970797568942
148.084,0.03195301425447717,-0.004981853138657533,148.423,7.189261230206822e-06,-0.00010684972126248793
148.284,0.03289630457632525,-0.005452090296612149,148.523,7.5502927774548e-06,-0.00010078096247244652
148.284,0.03289630457632525,-0.005452090296612149,148.623,7.764264377766772e-06,-8.850301711827672e-05
148.384,0.04173900776207193,-0.005798049546967948,148.723,6.48268349397323e-06,-5.9942558341661964e-05
148.384,0.04173900776207193,-0.005798049546967948,148.823,4.4807410912790756e-06,-3.876328996119405e-05
148.584,0.04452518073413791,-0.003354354794693373,148.923,4.797813493944154e-06,-3.896780723554758e-05
148.784,0.04562125711445424,-0.0023045142815965904,149.023,8.182505883930267e-06,-5.634124225192806e-05
148.784,0.04562125711445424,-0.0023045142815965904,149.123,1.2401133867292858e-05,-7.341863094725162e-05
148.984,0.04532638201368256,-0.0008200748265951177,149.223,1.667550873719441e-05,-8.763310723288984e-05
148.984,0.04532638201368256,-0.0008200748265951177,149.323,2.122132037381852e-05,-0.0001004585719460984
149.184,0.04476339333861191,0.0009732068956017689,149.423,2.6063590615331494e-05,-0.00011219926948015283
149.184,0.04476339333861191,0.0009732068956017689,149.523,3.0292979404924512e-05,-0.0001211576829012182
149.284,0.040598768975372186,0.007122391769749068,149.623,3.436701480113905e-05,-0.0001288117922551792
149.284,0.040598768975372186,0.007122391769749068,149.723,3.8344115928153115e-05,-0.00013544321882859856
149.484,0.03972303315217579,0.009808490369423287,149.823,4.118503226714533e-05,-0.00013968519081154765
149.684,0.0421568860307633,0.011386407949046213,149.923,4.3647863047810095e-05,-0.00014301740169480015
149.684,0.0421568860307633,0.011386407949046213,150.023,4.418891367118532e-05,-0.00014374702845787481
149.884,0.04351111775349241,0.01226801511596523,150.123,3.869119865137617e-05,-0.0001376978558018196
149.884,0.04351111775349241,0.01226801511596523,150.223,3.482324855268054e-05,-0.0001338657615734193
150.084,0.04485766314369772,0.012950346086861492,150.323,3.2856561752522806e-05,-0.0001320764281312908
150.084,0.04485766314369772,0.012950346086861492,150.423,3.129897173534464e-05,-0.00013079005552316594
150.184,0.04651086812272328,0.013109709406346396,150.523,3.235889087260694e-05,-0.00013157256235575633
150.384,0.046836576156733596,0.013394949672595318,150.623,3.6629025225517236e-05,-0.00013436344624425186
150.384,0.046836576156733596,0.013394949672595318,150.723,4.188778513649944e-05,-0.0001374423357325147
150.584,0.04675694384790874,0.013523668104371046,150.823,5.100997363320659e-05,-0.00014223860773092054
150.584,0.04675694384790874,0.013523668104371046,150.923,6.505022611291016e-05,-0.00014871918895327518
150.784,0.046081667171616415,0.015194519062262667,151.023,5.765109882702199e-05,-0.00014582323457200456
150.784,0.046081667171616415,0.015194519062262667,151.123,6.643038816310256e-05,-0.00014877084144628136
150.884,0.036788337009880136,0.01585653234187348,151.223,6.219484405446098e-05,-0.00014765700367424595
151.084,0.034762225875958605,0.01694232914744577,151.323,6.136081555545933e-05,-0.0001474554758283941
151.084,0.034762225875958605,0.01694232914744577,151.423,7.143333126363986e-05,-0.00014930307615844356
151.284,0.03349390687061432,0.017306910645443666,151.523,8.605690815030561e-05,-0.00015137967703582106
151.284,0.03349390687061432,0.017306910645443666,151.623,9.402427034557071e-05,-0.00015206923315016376
151.384,0.017889754941826968,0.00880408081176531,151.723,8.28985687195546e-05,-0.00015172194632006808
151.384,0.017889754941826968,0.00880408081176531,151.823,8.171283895150578e-05,-0.00015180423471280094
151.584,0.007715973530487446,0.010242492718740637,151.923,8.112253314347842e-05,-0.00015184103327548694
151.784,0.01030593100621132,0.010582270173300913,152.023,6.336642192555411e-05,-0.00015386801078944598
151.784,0.01030593100621132,0.010582270173300913,152.123,4.596413108022793e-05,-0.0001565872435136045
151.984,0.01006478273523275,0.01220579626315528,152.223,4.009569993966013e-05,-0.00015802002066213453
151.984,0.01006478273523275,0.01220579626315528,152.323,3.410437721079652e-05,-0.00015948103992239417
152.184,0.008702103093793961,0.011863475701922347,152.423,5.0846362575410214e-05,-0.00015405391331445827
152.184,0.008702103093793961,0.011863475701922347,152.523,6.514767597852648e-05,-0.0001486150812600691
152.284,0.005117684143592437,0.009582040149960693,152.623,7.848764364589802e-05,-0.0001427862559311639
152.484,0.004121150270018224,0.008790401363816303,152.723,9.112888422510734e-05,-0.00013648430555028202
152.484,0.004121150270018224,0.008790401363816303,152.823,0.00010134592126576184,-0.00013073690236663018
152.684,0.0005329180965334538,0.008227242237773932,152.923,0.00011052852136898714,-0.00012497035275425158
152.684,0.0005329180965334538,0.008227242237773932,153.023,0.0001189396721158318,-0.00011907223503426279
152.784,-0.013261121710713324,0.00781879476506561,153.123,0.00012522211535154822,-0.00011418115448370511
152.784,-0.013261121710713324,0.00781879476506561,153.223,0.00013070600628331132,-0.00010947387670254811
152.984,-0.00436936076454245,0.00625696216097059,153.323,0.0001356269464586343,-0.00010478961764987457
153.184,-0.007675046514026424,0.00624119737251637,153.423,0.00013834157160628457,-0.0001019588721186276
153.184,-0.007675046514026424,0.00624119737251637,153.523,0.00013486907021701243,-0.00010600931665160341
153.384,-0.006809719942738699,0.00444503827907086,153.623,0.0001331759460715075,-0.00010816337786609502
153.384,-0.006809719942738699,0.00444503827907086,153.723,0.00013210921947339716,-0.00010965777429629994
153.484,0.008003185188534908,0.0008805434081963122,153.823,0.00013294356041249766,-0.00010833566389572065
153.684,0.0032932316342715773,0.0035213800129826394,153.923,0.00013557923377210956,-0.0001036007083584681
153.684,0.0032932316342715773,0.0035213800129826394,154.023,0.00013854381151231964,-9.75988119606625e-05
153.884,0.007828253308505515,0.0016990327859438448,154.123,0.00014287145588094178,-8.771333304411024e-05
153.884,0.007828253308505515,0.0016990327859438448,154.223,0.00014842969528047542,-7.300163299099111e-05
154.084,0.008753718376477499,0.0011635159556828566,154.323,0.00015380124712447628,-5.632259882989741e-05
154.084,0.008753718376477499,0.0011635159556828566,154.423,0.00015564470796411756,-5.016447531451943e-05
154.184,0.006403192227985154,-0.000726869076818929,154.523,0.00015378848691261754,-5.860331164680398e-05
154.184,0.006403192227985154,-0.000726869076818929,154.623,0.0001517985848100693,-7.000684984974631e-05
154.384,0.005234114489361796,-0.0006361987060849574,154.723,0.00015173832735087116,-6.920031713141667e-05
154.584,0.004073474072703874,-0.002105791328541701,154.823,0.0001523905415870111,-5.7723453737406815e-05
154.584,0.004073474072703874,-0.002105791328541701,154.923,0.00015226890249875422,-4.592777850152541e-05
154.784,0.0020837905920241067,-0.004161706747019765,155.023,0.0001519413234954745,-3.543623251085033e-05
154.784,0.0020837905920241067,-0.004161706747019765,155.123,0.0001521457532712202,-3.671172957232116e-05
154.884,0.0162304054476164,-0.014487463093517847,155.223,0.00015377361943549937,-4.8593699905019114e-05
154.884,0.0162304054476164,-0.014487463093517847,155.323,0.00015559245695352135,-5.8097101023581695e-05
155.084,0.01562402007714273,-0.017118623897574358,155.423,0.00015598424489835527,-5.9352402174944033e-05
155.284,0.015049503908339533,-0.019764919445408962,155.523,0.00016076854547162847,-7.571417749432566e-05
155.284,0.015049503908339533,-0.019764919445408962,155.623,0.0001637870097909813,-8.464704359776328e-05
155.484,0.015114940470600628,-0.02117383463282492,155.723,0.0001689370525325216,-9.705547841777534e-05
155.484,0.015114940470600628,-0.02117383463282492,155.823,0.00016837383147799164,-9.612836667954923e-05
155.684,0.015086287331500687,-0.022442716343884336,155.923,0.0001601799141065444,-8.050993305186504e-05
155.684,0.015086287331500687,-0.022442716343884336,156.023,0.0001515324503509171,-6.586922887216464e-05
155.784,0.013432541406593605,-0.02405126232687453,156.123,0.0001436875007472288,-5.398455854010224e-05
155.984,0.013516469556268318,-0.023748339336930234,156.223,0.00013601636584119987,-4.350564340174474e-05
155.984,0.013516469556268318,-0.023748339336930234,156.323,0.00012840964394391323,-3.414736477909985e-05
156.184,0.014789250283832244,-0.024097626512487366,156.423,0.00012220726762088177,-2.7250420973658854e-05
156.184,0.014789250283832244,-0.024097626512487366,156.523,0.00011653596746361331,-2.1521637814647532e-05
156.284,-0.007678806111776431,-0.03271506566215664,156.623,0.00011126083859625913,-1.6712454517568478e-05
156.284,-0.007678806111776431,-0.03271506566215664,156.723,0.00010774844271036041,-1.3817439896692606e-05
156.484,-0.011607381888989122,-0.03457979395894234,156.823,0.00010482651547751415,-1.1626826535011957e-05
156.684,-0.011341996734717717,-0.03478273791873507,156.923,0.00010772644405934284,-1.3502691166919142e-05
156.684,-0.011341996734717717,-0.03478273791873507,157.023,0.00011406219112290081,-1.7314700695080822e-05
156.884,-0.012622617960918854,-0.03564802232699254,157.123,0.00011822400629576778,-1.953046171591758e-05
156.884,-0.012622617960918854,-0.03564802232699254,157.223,0.00011983618650465883,-2.031052570203062e-05
156.984,-0.008304183503594577,-0.033388592968000015,157.323,0.00012085202158317618,-2.0747492521801066e-05
157.184,-0.012560295058328608,-0.03595927413737819,157.423,0.00011866690555082324,-1.99668275844207e-05
157.184,-0.012560295058328608,-0.03595927413737819,157.523,0.00011269299836540203,-1.8195723995997297e-05
157.384,-0.00908713005197058,-0.03661352808755061,157.623,0.0001056017768231264,-1.6469233244886277e-05
157.384,-0.00908713005197058,-0.03661352808755061,157.723,9.415192486934889e-05,-1.4235140385884444e-05
157.584,-0.007516078479129865,-0.037317634840951214,157.823,7.997210832017298e-05,-1.2157809772336148e-05
157.584,-0.007516078479129865,-0.037317634840951214,157.923,9.255180953828512e-05,-1.3456784138975468e-05
157.684,0.00343664539210492,-0.03899830709176315,158.023,9.451057389650877e-05,-1.3418366848418533e-05
157.684,0.00343664539210492,-0.03899830709176315,158.123,8.401774979681816e-05,-1.3659779839008242e-05
157.884,-0.004311408260194554,-0.04383876413591394,158.223,8.678770512494428e-05,-1.3551508912289232e-05
158.084,-0.0010419115366687593,-0.04029902133445783,158.323,8.722193036204264e-05,-1.3312167395254527e-05
158.084,-0.0010419115366687593,-0.04029902133445783,158.423,6.726966922494543e-05,-1.6429409589210413e-05
158.284,0.0025409881445714,-0.03745370781961687,158.523,7.056844658911758e-05,-1.5660212221580654e-05
158.284,0.0025409881445714,-0.03745370781961687,158.623,8.534327112915949e-05,-1.1871142489007667e-05
158.484,0.006214699334406298,-0.035240442194125116,158.723,8.366239398059787e-05,-1.2486889463189066e-05
158.484,0.006214699334406298,-0.035240442194125116,158.823,9.559273774598925e-05,-8.181620455739095e-06
158.584,0.000998371537902452,-0.03827581871605933,158.923,0.00011725037696025867,1.1225725929707029e-06
158.784,0.001860351410181066,-0.03807569731716362,159.023,0.00013614098436987775,1.0370371061441492e-05
158.784,0.001860351410181066,-0.03807569731716362,159.123,0.00014946762254324848,1.777014148008475e-05
158.984,0.002148056753176356,-0.03719035437315423,159.223,0.0001463241750011032,1.5767914592922748e-05
158.984,0.002148056753176356,-0.03719035437315423,159.323,0.00013938986713572004,1.0842820484836611e-05
159.184,0.0015742554484043227,-0.03637362656284869,159.423,0.00012729375178873747,1.5805846647158684e-06
159.184,0.0015742554484043227,-0.03637362656284869,159.523,0.00011596616377753871,-8.037794859604429e-06
159.284,0.01096517825136727,-0.03555126969182868,159.623,0.00010687898446954655,-1.6570180736978473e-05
159.284,0.01096517825136727,-0.03555126969182868,159.723,9.882429183911108e-05,-2.4902051745204163e-05
159.484,0.012282885935147536,-0.034136710713682177,159.823,9.157402270810407e-05,-3.320602920642049e-05
159.684,0.016494289315467144,-0.0332325663034849,159.923,8.619919497174869e-05,-4.002106066240764e-05
159.684,0.016494289315467144,-0.0332325663034849,160.023,8.161392385081042e-05,-4.644602271491248e-05
159.884,0.021208513915416265,-0.0295273108410227,160.123,7.76208045020243e-05,-5.2695469873648585e-05
159.884,0.021208513915416265,-0.0295273108410227,160.223,7.498632438874807e-05,-5.73121014774822e-05
160.084,0.024227965516245228,-0.027944213174047307,160.323,7.495936573616704e-05,-5.71979911056417e-05
160.084,0.024227965516245228,-0.027944213174047307,160.423,7.663318136485447e-05,-5.3481137658870785e-05
160.184,0.03089015620223208,-0.024551135507483147,160.523,7.782878263697752e-05,-5.043718804750548e-05
160.184,0.03089015620223208,-0.024551135507483147,160.623,7.783179394454674e-05,-5.041953290569622e-05
160.384,0.028589083076787546,-0.024788265212695997,160.723,7.687804778354397e-05,-5.3937470575529256e-05
160.584,0.03210051507060635,-0.02280178869090754,160.823,7.583476743411369e-05,-5.8692334937967694e-05
160.584,0.03210051507060635,-0.02280178869090754,160.923,7.433217728842836e-05,-6.738552259379711e-05
160.784,0.034770036697270655,-0.022275482722324325,161.023,7.272445567896055e-05,-8.077484122548388e-05
160.784,0.034770036697270655,-0.022275482722324325,161.123,7.16682129888913e-05,-9.587408341407613e-05
160.984,0.037563158913364085,-0.021510113105352495,161.223,7.122223097703384e-05,-0.00011598749669864794
160.984,0.037563158913364085,-0.021510113105352495,161.323,7.097115405484086e-05,-0.00011025520740586078
161.184,0.039827421295422015,-0.020005221619655345,161.423,7.063686699217198e-05,-0.00010471590553678503
161.184,0.039827421295422015,-0.020005221619655345,161.523,7.177714924249771e-05,-0.0001131416837125643
161.284,0.027923871574162012,-0.017979023716861154,161.623,7.381940623696866e-05,-0.0001242957283179157
161.484,0.0261915610482089,-0.01633274414076725,161.723,7.418402421080822e-05,-0.00012506144119112732
161.484,0.0261915610482089,-0.01633274414076725,161.823,7.373223675134314e-05,-0.0001234063855969719
161.684,0.02611220095200981,-0.01440879252763854,161.923,7.106409625255997e-05,-0.00011566815021567499
161.684,0.02611220095200981,-0.01440879252763854,162.023,7.339288843383624e-05,-0.00012237690099737997
161.884,0.028369064097422764,-0.0121886291203253,162.123,7.495492873417084e-05,-0.0001256299361118695
161.884,0.028369064097422764,-0.0121886291203253,162.223,6.743407922832517e-05,-0.0001110986743761192
161.984,0.030843702645489215,-0.009711227882270483,162.323,6.465286335356884e-05,-0.00010650287811617324
161.984,0.030843702645489215,-0.009711227882270483,162.423,5.581171307756559e-05,-9.293439825837448e-05
162.184,0.03560841477008817,-0.010464445141459222,162.523,4.7713790572275845e-05,-8.179779850393533e-05
162.384,0.03357188879112942,-0.00921362161006766,162.623,5.236771015040625e-05,-8.771158589956593e-05
162.384,0.03357188879112942,-0.00921362161006766,162.723,6.332221241844537e-05,-9.999593962401613e-05
162.584,0.03229201612902139,-0.007833598936129121,162.823,7.480196695167708e-05,-0.00011170536703136365
162.584,0.03229201612902139,-0.007833598936129121,162.923,8.59787083755824e-05,-0.00012204909614889581
162.784,0.03098203584936629,-0.004904399959905233,163.023,9.702662996561354e-05,-0.0001312839454236335
162.784,0.03098203584936629,-0.004904399959905233,163.123,0.00010628520921328357,-0.0001382688611279719
162.884,0.03517990343441714,-0.0036842842283468253,163.223,0.00011482104833363114,-0.00014408436549290067
162.884,0.03517990343441714,-0.0036842842283468253,163.323,0.00012282115339864744,-0.0001489586822734824
163.084,0.034984695692702204,-0.0015056620261181962,163.423,0.0001286755656750618,-0.0001521366556857684
163.284,0.03416180875668361,0.0006959315006780791,163.523,0.00013370536473915633,-0.000154566805836674
163.284,0.03416180875668361,0.0006959315006780791,163.623,0.00013811506828360014,-0.00015642133836124566
163.484,0.03051100096106251,0.0028243597917000612,163.723,0.0001378316939481282,-0.00015637094143179496
163.484,0.03051100096106251,0.0028243597917000612,163.823,0.00013078151653618612,-0.00015420589618633435
163.684,0.030378782635333806,0.004330682734468245,163.923,0.00012616031253294085,-0.00015301688048631004
163.684,0.030378782635333806,0.004330682734468245,164.023,0.00012195408783279343,-0.0001521543281389294
163.784,0.014315053928245397,0.00697151678446423,164.123,0.00012076433820467265,-0.00015198004826537018
163.784,0.014315053928245397,0.00697151678446423,164.223,0.00012300470954084745,-0.00015218436535336242
163.984,0.019406206126104945,0.0047060971515035695,164.323,0.00012611155464053344,-0.0001523195912803402
164.184,0.020520451745709517,0.006117196694775799,164.423,0.00013307295213995006,-0.000152324857403033
164.184,0.020520451745709517,0.006117196694775799,164.523,0.00014461778855144874,-0.00015173065384322437
164.384,0.0214009564361694,0.007082851253026187,164.623,0.00015759927854407154,-0.00015041468849916266
164.384,0.0214009564361694,0.007082851253026187,164.723,0.00015206947302847073,-0.00015137260731155064
164.584,0.021323413668263975,0.008956555489824504,164.823,0.0001492008550369041,-0.00015191682906980284
164.584,0.021323413668263975,0.008956555489824504,164.923,0.00014661811954261986,-0.0001527554759882363
164.684,0.014160016723520926,0.00966473202797445,165.023,0.00013898039753079187,-0.0001550991367482746
164.884,0.013150676220524907,0.010998774150170367,165.123,0.00014905750769916674,-0.00015144506154059646
164.884,0.013150676220524907,0.010998774150170367,165.223,0.00015469242556198528,-0.0001488778114427343
165.084,0.011776368874926554,0.01089364501248543,165.323,0.00015305880805368592,-0.00014978044211758884
165.084,0.011776368874926554,0.01089364501248543,165.423,0.00016060252934885493,-0.00014561258241711667
165.184,0.01470601523196261,0.009978023392518048,165.523,0.0001474023689831375,-0.00015363437344768596
165.384,0.015862301190034876,0.010321902735496094,165.623,0.00014463720212562787,-0.00015569774615232924
165.384,0.015862301190034876,0.010321902735496094,165.723,0.00013406615072243105,-0.00016362045289030597
165.584,0.014507137427028737,0.009673402132932465,165.823,0.00012490091745927478,-0.00017122116301822765
165.584,0.014507137427028737,0.009673402132932465,165.923,0.00010916874008322128,-0.00018566984469364317
165.784,0.014760232261604007,0.009535430496305834,166.023,0.0001112515355930276,-0.00018318682414398621
165.784,0.014760232261604007,0.009535430496305834,166.123,0.0001229843584806446,-0.0001699260158661013
165.884,-0.002580897080111922,0.006862712053274957,166.223,0.00013260935175618633,-0.00015788643143577622
166.084,-0.003649217031995568,0.010036395550216714,166.323,0.00014120952121539796,-0.00014598808622025164
166.084,-0.003649217031995568,0.010036395550216714,166.423,0.00014896777016742299,-0.00013402554010301984
166.284,-0.001915052112980329,0.010124001230379641,166.523,0.00015491454594470663,-0.0001237682388911265
166.284,-0.001915052112980329,0.010124001230379641,166.623,0.00015995469574410626,-0.00011401717334103906
166.484,-0.0005370882342321572,0.010111096014382702,166.723,0.0001642575336260552,-0.00010454201423372476
166.484,-0.0005370882342321572,0.010111096014382702,166.823,0.00016723030324220967,-9.701867186975402e-05
166.584,7.526738131811392e-05,0.008639624610553185,166.923,0.0001695994546456699,-9.006692960532211e-05
166.784,0.0016082031166880784,0.008387903194644207,167.023,0.00017148759201518978,-8.342741406827153e-05
166.784,0.0016082031166880784,0.008387903194644207,167.123,0.00017252605456408268,-7.895891687883905e-05
166.984,-0.0017877747069857126,0.006814536130227857,167.223,0.00017168791143483804,-8.375771170071589e-05
166.984,-0.0017877747069857126,0.006814536130227857,167.323,0.0001712894360069011,-8.672849283190773e-05
167.084,-0.0037946613618526186,0.0062953774633411905,167.423,0.00017110944651426961,-8.8821674027019e-05
167.284,-0.00406192982992598,0.006135260078731028,167.523,0.00017114814157768803,-8.754785046396711e-05
167.284,-0.00406192982992598,0.006135260078731028,167.623,0.00017101936796318348,-8.245302810628267e-05
167.484,-0.00643943336060099,0.00513323437993075,167.723,0.00017054703030962613,-7.611056435838803e-05
167.484,-0.00643943336060099,0.00513323437993075,167.823,0.00016929485727684653,-6.575452327429811e-05
167.684,-0.007073104104255378,0.004113074556405892,167.923,0.00016667616277369265,-5.066104469330536e-05
167.684,-0.007073104104255378,0.004113074556405892,168.023,0.0001629250489116275,-3.399887694374769e-05
167.784,-0.008861765093774078,0.001205281921086657,168.123,0.00015892074879784112,-1.9269499698562813e-05
167.984,-0.007634926873268585,-5.919314830009543e-05,168.223,0.00015772099379209658,-1.5497657556244027e-05
167.984,-0.007634926873268585,-5.919314830009543e-05,168.323,0.00015497072946747022,-8.566382229043605e-06
168.184,-0.006199914940851643,-0.0021700136486413725,168.423,0.00014977846905765075,2.678022994480195e-06
168.184,-0.006199914940851643,-0.0021700136486413725,168.523,0.00014770009930866804,6.679534874987609e-06
168.384,-0.0041588771590445545,-0.004341642544238977,168.623,0.00014104956954635148,1.8271197271332914e-05
168.384,-0.0041588771590445545,-0.004341642544238977,168.723,0.0001374870491734921,2.384490596525366e-05
168.484,-0.014197792855496747,-0.013313372629624435,168.823,0.00013030500910597294,3.403440819370955e-05
168.684,-0.014738133354806343,-0.013363472378320838,168.923,0.00013750662690981222,2.504939841518097e-05
168.684,-0.014738133354806343,-0.013363472378320838,169.023,0.00013695584156650132,2.5584329372311907e-05
168.884,-0.015010997643764727,-0.014053814199661471,169.123,0.00014117997068792325,2.110988738613876e-05
168.884,-0.015010997643764727,-0.014053814199661471,169.223,0.00014508886160746322,1.743094642286653e-05
168.984,-0.049387366530941425,-0.02909075889427791,169.323,0.00016017045280585694,4.7818585342425475e-06
168.984,-0.049387366530941425,-0.02909075889427791,169.423,0.00017568315151540842,-7.1553547652425846e-06
169.184,-0.04759225071943785,-0.02682685487492004,169.523,0.00016053560465550254,3.2726191456461948e-06
169.384,-0.04548997698381578,-0.026007607147553225,169.623,0.0001453254442645111,1.2697103583794823e-05
169.384,-0.04548997698381578,-0.026007607147553225,169.723,0.00013020093395956867,2.1045484523781956e-05
169.584,-0.04476354303465444,-0.026149441748860167,169.823,0.00011715505714841832,2.7418902596466915e-05
169.584,-0.04476354303465444,-0.026149441748860167,169.923,0.00010496061300594624,3.266020339879274e-05
169.784,-0.043740110615816806,-0.02650274625500149,170.023,9.337794772234316e-05,3.695867451514696e-05
169.784,-0.043740110615816806,-0.02650274625500149,170.123,8.425442311339004e-05,3.983547146392363e-05
169.884,-0.04746028218442905,-0.02491464763324237,170.223,7.618845624189733e-05,4.1959321997915184e-05
169.884,-0.04746028218442905,-0.02491464763324237,170.323,6.893555218942858e-05,4.347726751731877e-05
170.084,-0.04518349633336069,-0.025853411462151553,170.423,6.418810841809662e-05,4.422598889756874e-05
170.284,-0.04423021761287386,-0.026773786802529446,170.523,6.032876654686951e-05,4.4652969443714045e-05
170.284,-0.04423021761287386,-0.026773786802529446,170.623,6.187865577679104e-05,4.462635295117507e-05
170.484,-0.0427635868111758,-0.02845785318797573,170.723,6.959009158423475e-05,4.455943456906512e-05
170.484,-0.0427635868111758,-0.02845785318797573,170.823,7.46373068830547e-05,4.4779608167064465e-05
170.584,-0.03321380223264727,-0.03404877706905284,170.923,7.682728486317308e-05,4.496528903998446e-05
170.584,-0.03321380223264727,-0.03404877706905284,171.023,7.834701976831181e-05,4.516572174949879e-05
170.784,-0.03237849822553389,-0.03487644440665551,171.123,7.65254038421205e-05,4.481672603744275e-05
170.984,-0.03093033015460717,-0.035076899055551274,171.223,7.098851254807968e-05,4.343249016146409e-05
170.984,-0.03093033015460717,-0.035076899055551274,171.323,6.454321983362489e-05,4.147887191641801e-05
171.184,-0.030104365698627893,-0.03590893006895322,171.423,5.414233328678101e-05,3.779722723591473e-05
171.184,-0.030104365698627893,-0.03590893006895322,171.523,3.908028265806826e-05,3.1575557573013e-05
171.384,-0.029495873217473455,-0.036070927492554486,171.623,4.2769542517175684e-05,3.335010034416979e-05
171.384,-0.029495873217473455,-0.036070927492554486,171.723,4.6523853353595464e-05,3.5323904209771816e-05
171.484,-0.029795028747180825,-0.03800846699916154,171.823,4.4651310475771215e-05,3.412904028748986e-05
171.684,-0.029228669214364372,-0.03800181442007322,171.923,4.5819937482364073e-05,3.4871614400625874e-05
171.684,-0.029228669214364372,-0.03800181442007322,172.023,4.70391297008952e-05,3.5868457956596076e-05
171.884,-0.026702817555615124,-0.03810141233005645,172.123,4.160267600600502e-05,3.115476026352816e-05
171.884,-0.026702817555615124,-0.03810141233005645,172.223,4.1385391718024185e-05,3.096487502931504e-05
172.084,-0.023958048401189452,-0.0381951686896268,172.323,4.185676395431942e-05,3.1207175711552263e-05
172.084,-0.023958048401189452,-0.0381951686896268,172.423,4.8663493334907266e-05,3.888696208958639e-05
172.184,-0.015387997520503956,-0.03695512108580784,172.523,4.9216244771288685e-05,3.960995646463724e-05
172.184,-0.015387997520503956,-0.03695512108580784,172.623,6.162923409653875e-05,5.655540833722665e-05
172.384,-0.015868595594870288,-0.035140508718933636,172.723,6.878254140247323e-05,6.72626986333894e-05
172.584,-0.016551964307975824,-0.034394706959284635,172.823,7.869979526289166e-05,8.438931559382693e-05
172.584,-0.016551964307975824,-0.034394706959284635,172.923,7.767980822991371e-05,8.217979360455412e-05
172.784,-0.016853846321290028,-0.03325412628702374,173.023,7.036440337612872e-05,6.635637882452504e-05
172.784,-0.016853846321290028,-0.03325412628702374,173.123,6.471086635727767e-05,5.232858964557976e-05
172.984,-0.01631983577350476,-0.03287924406384367,173.223,5.9993268065756367e-05,3.87587714863027e-05
172.984,-0.01631983577350476,-0.03287924406384367,173.323,5.609257442757183e-05,2.539784264925233e-05
173.084,-0.014982937671005765,-0.03339647306445488,173.423,5.342100015261702e-05,1.4195184769065312e-05
173.284,-0.013812756633771184,-0.03305856140109392,173.523,5.145598161158775e-05,3.7406817569274027e-06
173.284,-0.013812756633771184,-0.03305856140109392,173.623,5.010125953459822e-05,-6.23590712345982e-06
173.484,-0.013008877561591062,-0.03218747604340432,173.723,4.944177728776819e-05,-1.3976041037124644e-05
173.484,-0.013008877561591062,-0.03218747604340432,173.823,4.917956305427232e-05,-2.1019900673127005e-05
173.684,-0.012104135150573786,-0.031908336975680684,173.923,4.9274038962192227e-05,-2.764657425299567e-05
173.684,-0.012104135150573786,-0.031908336975680684,174.023,4.9371279402790216e-05,-2.984999088697662e-05
173.784,-0.009817016443604509,-0.034838463028837356,174.123,4.8772388096040907e-05,-2.4640078734945838e-05
173.784,-0.009817016443604509,-0.034838463028837356,174.223,4.840407361508038e-05,-2.2303831980206164e-05
173.984,-0.012337729773422752,-0.03230948717681978,174.323,4.8117876871016736e-05,-2.0903524402512848e-05
174.184,-0.013592718800432767,-0.031517724368834446,174.423,4.8639418190191467e-05,-2.2850896116853254e-05
174.184,-0.013592718800432767,-0.031517724368834446,174.523,5.048049147936678e-05,-2.848071988004187e-05
174.384,-0.011490435086812729,-0.03163618954575235,174.623,5.305612407035995e-05,-3.521511603600038e-05
174.384,-0.011490435086812729,-0.03163618954575235,174.723,5.759819529988125e-05,-4.561888182799506e-05
174.584,-0.012809388989127538,-0.03071547775069821,174.823,6.490970969171658e-05,-6.026600637495655e-05
174.584,-0.012809388989127538,-0.03071547775069821,174.923,7.384014267731961e-05,-7.613231695060992e-05
174.684,-0.013612855465038104,-0.0299939964573006,175.023,8.015658944841225e-05,-8.619756082632921e-05
174.884,-0.014527221887420049,-0.02774158715830036,175.123,7.314621711508219e-05,-7.625180723037614e-05
174.884,-0.014527221887420049,-0.02774158715830036,175.223,8.053812198632616e-05,-8.539500450625505e-05
175.084,-0.01574879864770093,-0.02583721370883169,175.323,8.425149050506601e-05,-8.965081477631504e-05
175.084,-0.01574879864770093,-0.02583721370883169,175.423,9.174230578399152e-05,-9.785423545322175e-05
175.284,-0.01468343314749046,-0.023586586286714596,175.523,9.618406368085849e-05,-0.00010205768072901934
175.284,-0.01468343314749046,-0.023586586286714596,175.623,0.00010300294495453401,-0.00010815125709207987
175.384,0.005594425091524063,-0.014187335353728224,175.723,0.0001090782187087182,-0.0001129450626010246
175.584,0.00948758461707773,-0.01020922116972401,175.823,0.00010483521134243168,-0.00011004985430684834
175.584,0.00948758461707773,-0.01020922116972401,175.923,0.00010429508402360085,-0.00010983547638129175
175.784,0.00898347183680305,-0.007744728189827883,176.023,9.51282784779359e-05,-0.00010476656184808521
175.784,0.00898347183680305,-0.007744728189827883,176.123,8.76318095018579e-05,-0.0001010306835851992
175.984,0.00919290109682398,-0.005773376160215732,176.223,8.441699922770581e-05,-9.979749236129032e-05
175.984,0.00919290109682398,-0.005773376160215732,176.323,6.528326951369407e-05,-9.251381880487387e-05
176.084,0.008084215654505593,-0.007645885366191368,176.423,8.29673858414491e-05,-9.823445765912248e-05
176.284,0.005724507891993331,-0.005315368033557229,176.523,0.00010037965634681613,-0.00010291351327718471
176.284,0.005724507891993331,-0.005315368033557229,176.623,0.00011533330711294846,-0.00010614140166357763
176.484,0.007689277039269097,-0.003850620266418313,176.723,0.00012922198177153,-0.00010844056192100625
176.484,0.007689277039269097,-0.003850620266418313,176.823,0.00014232570646437577,-0.00010993461849303941
176.684,0.009887073945319989,-0.00293529290848466,176.923,0.00015269608597277316,-0.00011059521349103967
176.684,0.009887073945319989,-0.00293529290848466,177.023,0.00016183698278884998,-0.00011073695790827092
176.784,0.00978305964431094,-0.002324424450677626,177.123,0.00017002626421727993,-0.000110446016270848
176.984,0.00904156672124133,-0.0013964241287275035,177.223,0.00017554863368838167,-0.00010997324423524433
176.984,0.00904156672124133,-0.0013964241287275035,177.323,0.00018006483419037077,-0.00010937301877249652
177.184,0.007126049422541951,0.000446534040467731,177.423,0.00018360090813704047,-0.00010871767948051396
177.184,0.007126049422541951,0.000446534040467731,177.523,0.00017595146833235544,-0.00011055236653407201
177.384,0.006916651580912132,0.001984182928287687,177.623,0.00017020871554963458,-0.0001122365157962635
177.384,0.006916651580912132,0.001984182928287687,177.723,0.0001670958996311636,-0.00011329993131039778
177.484,0.010004979337223933,0.006978276486350787,177.823,0.00016458806624869275,-0.00011429574365424017
177.484,0.010004979337223933,0.006978276486350787,177.923,0.00016511056559519887,-0.00011405881570560686
177.684,0.013569316447396514,0.009091900043490662,178.023,0.0001688729356060475,-0.00011206202013901894
177.684,0.013569316447396514,0.009091900043490662,178.123,0.0001733492316575556,-0.00010939752218162527
177.884,0.014092488723363987,0.010317725357781842,178.223,0.00018112189649448077,-0.00010428283649490241
178.084,0.015035343744576286,0.011261276210385385,178.323,0.00019264314639761256,-9.581564838570448e-05
178.084,0.015035343744576286,0.011261276210385385,178.423,0.00019152569940899302,-9.701994818790588e-05
178.284,0.01628098281328496,0.011667606445972336,178.523,0.00018618734650508966,-0.00010192589831473901
178.284,0.01628098281328496,0.011667606445972336,178.623,0.00017193107662509522,-0.00011599474305107611
178.484,0.018200906481919653,0.011655244234782383,178.723,0.00017801752983308226,-0.00010922756164355973
178.484,0.018200906481919653,0.011655244234782383,178.823,0.00017943411682966646,-0.00010756806841534203
178.584,0.014463416110008563,0.01015119098487989,178.923,0.00017961750709810163,-0.00010737207958490563
178.584,0.014463416110008563,0.01015119098487989,179.023,0.00018671728477616942,-9.661962764954663e-05
178.784,0.013469682777360626,0.009227156969245807,179.123,0.0001815549997294539,-0.00010513182800362528
178.984,0.012098750239999229,0.008607575653749417,179.223,0.00018172933430984965,-0.00010481073530590856
178.984,0.012098750239999229,0.008607575653749417,179.323,0.00017801317494404935,-0.0001125726456548172
179.184,0.012288281530072729,0.00784834544347114,179.423,0.00017674693834135368,-0.00011564436062656162
179.184,0.012288281530072729,0.00784834544347114,179.523,0.00017162723153097434,-0.00012972548910890642
179.284,0.015567131344980103,0.013275001205510834,179.623,0.00016849835744801918,-0.00013991806574407086
179.284,0.015567131344980103,0.013275001205510834,179.723,0.00016784635405001953,-0.00014175048570055294
179.484,0.015364577353168376,0.014911991985237875,179.823,0.00017110558599251036,-0.0001249797957602035
179.684,0.02268981500641752,0.012866095703221435,179.923,0.0001734960727290837,-0.00010820113940438896
179.684,0.02268981500641752,0.012866095703221435,180.023,0.0001748325902428167,-9.364803587587502e-05
179.884,0.02423686737991103,0.011695953059732719,180.123,0.00017542766829869714,-7.984024774084502e-05
179.884,0.02423686737991103,0.011695953059732719,180.223,0.0001753277946394527,-6.650603161220389e-05
180.084,0.026221508033577905,0.010486403102310346,180.323,0.0001746999605169327,-5.558782334381385e-05
180.084,0.026221508033577905,0.010486403102310346,180.423,0.00017363830919678034,-4.558099690016154e-05
180.184,0.027704654315281747,0.009684590864183457,180.523,0.00017215670228849824,-3.61969445877053e-05
180.384,0.026133897497838725,0.010086456979854571,180.623,0.00017067311400136286,-2.9117409594128e-05
180.384,0.026133897497838725,0.010086456979854571,180.723,0.00016902299658012255,-2.2767275360045096e-05
180.584,0.022746408010894913,0.008190764735366373,180.823,0.0001671636989509465,-1.6878759957291575e-05
180.584,0.022746408010894913,0.008190764735366373,180.923,0.00016822497169619068,-1.958050974917331e-05
180.784,0.020300344259645563,0.007209953638609859,181.023,0.00016992309748496023,-2.3530204020400326e-05
180.784,0.020300344259645563,0.007209953638609859,181.123,0.00017045525282741823,-2.465751842497125e-05
180.884,0.012218322354380808,0.005671246318281919,181.223,0.0001705590965142132,-2.488155612127437e-05
180.884,0.012218322354380808,0.005671246318281919,181.323,0.0001688152352609424,-2.206070183959223e-05
181.084,0.009516757839548832,0.0049618676546841845,181.423,0.00016461412566722494,-1.6011016213614994e-05
181.284,0.008146537827901387,0.0037504213635044326,181.523,0.00015930850851569707,-9.123678718842302e-06
181.284,0.008146537827901387,0.0037504213635044326,181.623,0.0001509194199109749,7.719943968869395e-07
181.484,0.007192465380816779,0.0008247399676144465,181.723,0.00013843240368876765,1.4058873906331816e-05
181.484,0.007192465380816779,0.0008247399676144465,181.823,0.00012789777363545553,2.437057686103168e-05
181.684,0.007579308790773278,-0.00016186005266339114,181.923,0.0001262113272285338,2.568372116572094e-05
181.684,0.007579308790773278,-0.00016186005266339114,182.023,0.00012665947486184087,2.5171113103652454e-05
181.784,-0.0002314975096761932,-0.0046953836987187495,182.123,0.00013197479539881686,2.153198336843246e-05
181.784,-0.0002314975096761932,-0.0046953836987187495,182.223,0.00014414245516000557,1.3724975049858617e-05
181.984,0.004830747499256325,-0.007087036378276914,182.323,0.00013283948849900036,2.0325431184585998e-05
182.184,0.005530379019589735,-0.010444726074929814,182.423,0.00012798459634157935,2.2774270070578764e-05
182.184,0.005530379019589735,-0.010444726074929814,182.523,0.00011433815851999114,2.8831667147885983e-05
182.384,0.00560215800730963,-0.013230146852730823,182.623,0.00011220120053163355,2.9639339224057605e-05
182.384,0.00560215800730963,-0.013230146852730823,182.723,0.00011197313769126841,2.9913005545940802e-05
182.584,0.0066343638632011485,-0.01571758271016379,182.823,0.00012413042348468871,2.6555542725867722e-05
182.584,0.0066343638632011485,-0.01571758271016379,182.923,0.00014298102676699065,2.2327213288132075e-05
182.684,-0.008300685598526062,-0.026549209768250245,183.023,0.00016567786567584487,1.8419547444994824e-05
182.884,-0.013604952075915935,-0.02510984958196926,183.123,0.0001772150482182422,1.7069468619148195e-05
182.884,-0.013604952075915935,-0.02510984958196926,183.223,0.00019132257349117142,1.5924224352784887e-05
183.084,-0.014748555265402924,-0.025918755196443873,183.323,0.00017916595302558394,1.6281896737685e-05
183.084,-0.014748555265402924,-0.025918755196443873,183.423,0.0001759205375571286,1.6232107707575124e-05
183.284,-0.016346951666920073,-0.026031877786271536,183.523,0.0001604620207353872,1.5021373734260218e-05
183.284,-0.016346951666920073,-0.026031877786271536,183.623,0.0001460590347352161,1.3156308565736856e-05
183.384,-0.01444472844159506,-0.027825832875266177,183.723,0.00013452309704534726,1.1072696476881319e-05
183.584,-0.014143002583392695,-0.028821886685002445,183.823,0.0001243392933755761,8.720791698226812e-06
183.584,-0.014143002583392695,-0.028821886685002445,183.923,0.00011521220927725493,6.117962416352694e-06
183.784,-0.014441999101893787,-0.030227482105958405,184.023,0.00010879314788563584,3.935790455014761e-06
183.784,-0.014441999101893787,-0.030227482105958405,184.123,0.00010349329937041185,1.8497119558142211e-06
183.984,-0.014217784515098282,-0.030482444544691536,184.223,9.904522436072157e-05,-1.736746902950684e-07
183.984,-0.014217784515098282,-0.030482444544691536,184.323,9.84340535166614e-05,-4.493143584105616e-07
184.084,-0.010693710559818026,-0.03326047329222764,184.423,0.00010498149914896736,3.3597557844760686e-06
184.084,-0.010693710559818026,-0.03326047329222764,184.523,0.00010911369841298852,6.02763812788024e-06
184.284,-0.009253671816955156,-0.034446343915078004,184.623,0.00011272799082577254,8.62380614427773e-06
184.284,-0.009253671816955156,-0.034446343915078004,184.723,0.00011380176166870802,9.490506276965972e-06
184.484,-0.007485491393301579,-0.03564078867229393,184.823,0.00011228214864095383,8.117222795554421e-06
184.684,-0.005884336883118053,-0.037053122031465394,184.923,0.00011021973505994922,6.068989771582361e-06
184.684,-0.005884336883118053,-0.037053122031465394,185.023,0.00010565292759000632,1.1339229318128498e-06
184.884,-0.0052704322710693495,-0.03867419368143338,185.123,9.842728933043832e-05,-7.544418920870831e-06
184.884,-0.0052704322710693495,-0.03867419368143338,185.223,9.076290460862615e-05,-1.7737942716655095e-05
185.084,-0.005413226691655832,-0.04040559581302194,185.323,8.856643340569425e-05,-2.0859266680090735e-05
185.084,-0.005413226691655832,-0.04040559581302194,185.423,9.348849861381686e-05,-1.2522465516973725e-05
185.184,-0.001477364759284516,-0.043455579429425684,185.523,9.927698877609186e-05,-2.2368272285851414e-06
185.184,-0.001477364759284516,-0.043455579429425684,185.623,0.00010564237145095966,1.1258284393822517e-05
185.384,-0.0006023495533279698,-0.0419333725266499,185.723,0.00010803629336902102,1.6647136367661516e-05
185.584,0.0005493519683127588,-0.04125963314579703,185.823,0.00010661258844967309,1.2373967617340382e-05
185.584,0.0005493519683127588,-0.04125963314579703,185.923,0.0001075296025698056,1.5865515083842798e-05
185.784,0.0008930150001083503,-0.041039987197549775,186.023,0.00010611420343512829,1.059893376005499e-05
185.784,0.0008930150001083503,-0.041039987197549775,186.123,0.00010844007797530765,2.2247156636026465e-05
185.984,0.002775810884926319,-0.04058327150958631,186.223,0.00010981701747553343,3.084352032162601e-05
185.984,0.002775810884926319,-0.04058327150958631,186.323,0.0001104133987559035,3.729498185840457e-05
186.084,0.005201536829138282,-0.04028742755486363,186.423,0.00011175163689166817,6.366863592981105e-05
186.284,0.005422515906889611,-0.03989122823522887,186.523,0.00011173191099979352,7.486089039445e-05
186.284,0.005422515906889611,-0.03989122823522887,186.623,0.00011200693265795918,7.348943589608174e-05
186.484,0.0056140111165759,-0.039431953100752086,186.723,0.00011365034348645683,5.725685386475915e-05
186.484,0.0056140111165759,-0.039431953100752086,186.823,0.00011598526575625032,4.175021652820657e-05
186.584,0.009853308785348673,-0.03793238095111959,186.923,0.00011903403220850012,2.6704376688616813e-05
186.584,0.009853308785348673,-0.03793238095111959,187.023,0.0001222404296233946,1.414019271989167e-05
186.784,0.011210448338084551,-0.03808086244526783,187.123,0.0001257960208116079,2.576036189775919e-06
186.984,0.01161134473865234,-0.03739922602903951,187.223,0.00012974304925591164,-8.271390205021272e-06
186.984,0.01161134473865234,-0.03739922602903951,187.323,0.00013330884168386546,-1.673043246645955e-05
187.184,0.011088346664607581,-0.0361638475844058,187.423,0.00013692520884127322,-2.427515892293367e-05
187.184,0.011088346664607581,-0.0361638475844058,187.523,0.00014068086465720997,-3.118035205892144e-05
187.284,0.009541428224285423,-0.03639394029151513,187.623,0.0001436629918583372,-3.606466936431812e-05
187.284,0.009541428224285423,-0.03639394029151513,187.723,0.00014611015495049812,-3.97114099377388e-05
187.484,0.009474155208793715,-0.03529468017350266,187.823,0.00014330070899635163,-3.598117819698554e-05
187.684,0.012414982837465258,-0.03495608394468075,187.923,0.0001406148957090334,-3.275111895923195e-05
187.684,0.012414982837465258,-0.03495608394468075,188.023,0.00013990041727901496,-3.1983367711243184e-05
187.884,0.011223809971914335,-0.033197010737143706,188.123,0.00014167973743974793,-3.3696452502199736e-05
187.884,0.011223809971914335,-0.033197010737143706,188.223,0.0001444307829946752,-3.610492904289521e-05
188.084,0.01129167064941394,-0.03241409349886564,188.323,0.00015030338960633234,-4.080790098515927e-05
188.084,0.01129167064941394,-0.03241409349886564,188.423,0.0001600716125681401,-4.783141614123912e-05
188.184,0.007580394196395144,-0.02911861893057124,188.523,0.00017147572739257467,-5.52011906011837e-05
188.184,0.007580394196395144,-0.02911861893057124,188.623,0.0001873834345031781,-6.444052478691518e-05
188.384,0.00735740382923846,-0.02797520561423612,188.723,0.00019260979204796348,-6.735373599979718e-05
188.584,0.005672271446992501,-0.0262939418524051,188.823,0.00019421414409417264,-6.802301683759558e-05
188.584,0.005672271446992501,-0.0262939418524051,188.923,0.00020650623947300587,-7.295135871375277e-05
188.784,0.00587046102602701,-0.024905494314076636,189.023,0.0002149001917276712,-7.579410139265505e-05
188.784,0.00587046102602701,-0.024905494314076636,189.123,0.0002094681624157994,-7.408188124296335e-05
188.984,0.005258664798635512,-0.02243527379252571,189.223,0.000214112593907853,-7.520097260566762e-05
188.984,0.005258664798635512,-0.02243527379252571,189.323,0.00022949962768675048,-7.802013777875942e-05
189.084,0.004048699060183607,-0.01783286869249687,189.423,0.00023981947397782086,-7.944828827027746e-05
189.084,0.004048699060183607,-0.01783286869249687,189.523,0.00024318788297057915,-7.969579132056437e-05
189.384,0.005018210119421055,-0.013343561308649122,189.623,0.00023852400407725106,-7.948202200757337e-05
189.384,0.005018210119421055,-0.013343561308649122,189.723,0.0002234530000927566,-7.95757620505762e-05
189.484,0.008376578860448444,-0.011831409135692745,189.823,0.00020587594735973214,-8.083779365450714e-05
189.684,0.007821516969730262,-0.00996383387952765,189.923,0.0001936395915339796,-8.241639894476351e-05
189.684,0.007821516969730262,-0.00996383387952765,190.023,0.00018870808214815974,-8.309431300640125e-05
189.884,0.007403984295687119,-0.008015863999345708,190.123,0.0002069473790013537,-7.89803679210935e-05
189.884,0.007403984295687119,-0.008015863999345708,190.223,0.0002240065171162787,-7.424973454065318e-05
190.084,0.007989837028383805,-0.0062051169531539396,190.323,0.00024020105438429787,-6.886729621155578e-05
190.084,0.007989837028383805,-0.0062051169531539396,190.423,0.0002535334608415018,-6.368389460687127e-05
190.184,0.012802010899371417,-0.0032662088626997173,190.523,0.0002654548003839885,-5.837038259652689e-05
190.184,0.012802010899371417,-0.0032662088626997173,190.623,0.0002762672054622277,-5.287968916492698e-05
190.384,0.015296614717371253,-0.0027881928227765328,190.723,0.0002843755434734875,-4.8239452571884255e-05
190.584,0.01614094032967964,-0.0009667475725984524,190.823,0.0002912255822386193,-4.387068411666269e-05
190.584,0.01614094032967964,-0.0009667475725984524,190.923,0.0002970896631226438,-3.9693722985825295e-05
190.784,0.0167491968218396,0.0005980042030803213,191.023,0.0003007064214036621,-3.6835285719188505e-05
190.784,0.0167491968218396,0.0005980042030803213,191.123,0.0003035036225805376,-3.4407117608355195e-05
190.984,0.01650865034221588,0.0027501637667316564,191.223,0.0003013694364718063,-3.6549300215390984e-05
190.984,0.01650865034221588,0.0027501637667316564,191.323,0.00029625723285447547,-4.199004857578509e-05
191.084,0.017577751396845268,0.0032604736592681278,191.423,0.00029316542076937346,-4.564658403225656e-05
191.284,0.018269434593401898,0.004575308811529536,191.523,0.00029200396241934874,-4.7135892564194655e-05
191.284,0.018269434593401898,0.004575308811529536,191.623,0.0002913057757194557,-4.811889701732591e-05
191.484,0.019048053059533474,0.005405425055706041,191.723,0.00029247420041173927,-4.623801996588604e-05
191.484,0.019048053059533474,0.005405425055706041,191.823,0.0002954084897513256,-4.0876982830476434e-05
191.584,0.01803207926956082,0.007552163184219923,191.923,0.0002985356803266764,-3.442651182464171e-05
191.584,0.01803207926956082,0.007552163184219923,192.023,0.0003030786983866013,-2.383921791063571e-05
191.784,0.010958355457543308,0.00838169215263202,192.123,0.00030835968710733405,-9.659395148421449e-06
191.984,0.012294205809709198,0.010576097055941027,192.223,0.00030366844851608863,-2.4041225600111992e-05
191.984,0.012294205809709198,0.010576097055941027,192.323,0.0003038340624566746,-2.329717287357471e-05
192.184,0.012309506400740166,0.012500259840403713,192.423,0.000305863439979114,-1.2826787743526797e-05
192.184,0.012309506400740166,0.012500259840403713,192.523,0.000306317298759131,-1.0308470007502013e-05
192.384,0.010701278624084194,0.013501008187191367,192.623,0.00030669814918015157,-7.413827003264355e-06
192.384,0.010701278624084194,0.013501008187191367,192.723,0.0003070698065383503,-2.000527742620112e-06
192.484,0.021426167299128277,0.010370605882019702,192.823,0.0003069845517392896,5.458899038147088e-06
192.684,0.01651617967432773,0.011075223952123167,192.923,0.0003071333354996899,2.8684221477175486e-06
192.684,0.01651617967432773,0.011075223952123167,193.023,0.00030774098322152897,-3.2086077675445854e-06
192.884,0.014727088220522697,0.010285153372386155,193.123,0.0003106848767865059,-2.2339169661851748e-05
192.884,0.014727088220522697,0.010285153372386155,193.223,0.00031485297783345756,-4.34955178407423e-05
193.084,0.013898383631308074,0.009635858878240445,193.323,0.0003212516361157585,-6.940378030441063e-05
193.084,0.013898383631308074,0.009635858878240445,193.423,0.0003225882302651962,-7.38156492369093e-05
193.184,0.025501195513014913,0.006940359545894195,193.523,0.0003169742857727992,-5.808209452620702e-05
193.184,0.025501195513014913,0.006940359545894195,193.623,0.0003103249470929714,-4.200504959653557e-05
193.384,0.014181871221552808,0.010746680708951578,193.723,0.0003038694503221089,-2.8367325736761296e-05
193.584,0.01165717215503736,0.010989716945071162,193.823,0.00029711869532038295,-1.573023544516903e-05
193.584,0.01165717215503736,0.010989716945071162,193.923,0.00028997051404112305,-3.836689732439453e-06
193.784,0.010839196732364087,0.010455812002101413,194.023,0.00028357559979339284,5.691326067473564e-06
193.784,0.010839196732364087,0.010455812002101413,194.123,0.00027725280400203153,1.4193736923279446e-05
193.984,0.010183617072980478,0.01048599871824382,194.223,0.0002708686086481931,2.192500234988404e-05
193.984,0.010183617072980478,0.01048599871824382,194.323,0.0002656557210103926,2.763152718090459e-05
194.084,0.011826196438897135,0.00858179253144434,194.423,0.0002606840806144516,3.2577337317722e-05
194.284,0.012010955679579735,0.008446790466717735,194.523,0.0002557764301119514,3.698095858809068e-05
194.284,0.012010955679579735,0.008446790466717735,194.623,0.0002544175271508228,3.814700535799303e-05
194.484,0.009107625858165028,0.00697535077251117,194.723,0.0002585766046244006,3.51082602983882e-05
194.484,0.009107625858165028,0.00697535077251117,194.823,0.0002604768144281042,3.383740796076388e-05
194.684,0.008005852177394716,0.006231445029422765,194.923,0.00026162707254500896,3.314047171548525e-05
194.684,0.008005852177394716,0.006231445029422765,195.023,0.0002597605264219171,3.4121354932672995e-05
194.784,0.004863977639364254,0.003402590987205083,195.123,0.0002542820972342212,3.663105520806788e-05
194.984,0.0037823961711243104,0.0027639952144141258,195.223,0.00024748830790606954,3.934711701238398e-05
194.984,0.0037823961711243104,0.0027639952144141258,195.323,0.00023665487112022293,4.310558939673279e-05
195.184,0.001253586108663859,0.0003779879738519917,195.423,0.00022080730876783975,4.770729311318555e-05
195.184,0.001253586108663859,0.0003779879738519917,195.523,0.00020295385265751815,5.194278408382396e-05
195.384,0.001424668155612536,-5.548187107398577e-05,195.623,0.00020455981856221938,5.181105051066893e-05
195.384,0.001424668155612536,-5.548187107398577e-05,195.723,0.0002048854513996855,5.174426953575745e-05
195.484,0.0024299675303881,-0.003878464236760923,195.823,0.00020352782430580895,5.18645017677308e-05
195.684,0.0007351168300290637,-0.005334464204740866,195.923,0.00019446472775829136,5.213918967314097e-05
195.684,0.0007351168300290637,-0.005334464204740866,196.023,0.00018768663074327898,5.1988193659852787e-05
195.884,0.0023781298647413745,-0.008653812075259306,196.123,0.00017196348318652274,5.117906437118164e-05
195.884,0.0023781298647413745,-0.008653812075259306,196.223,0.0001610706956102762,4.9959305659045885e-05
196.084,0.0027901706561288095,-0.012440802829047137,196.323,0.00016364845234155095,5.0419503193726304e-05
196.084,0.0027901706561288095,-0.012440802829047137,196.423,0.00016970851402928937,5.183318110861903e-05
196.184,0.001122009954855561,-0.02190309588904684,196.523,0.0001821282888845552,5.51457773762692e-05
196.384,0.0013466774514130871,-0.022670998303469397,196.623,0.00020099603427791595,6.134505935662503e-05
196.384,0.0013466774514130871,-0.022670998303469397,196.723,0.00020723578833000263,6.36148126726014e-05
196.584,0.0026852126160104516,-0.02439760944987399,196.823,0.00022369876242197298,7.065605098648398e-05
196.584,0.0026852126160104516,-0.02439760944987399,196.923,0.00022077288783997837,6.890549145184217e-05
196.784,0.0019095923424790712,-0.02474291468521331,197.023,0.00020374198061004628,5.930956108889455e-05
196.784,0.0019095923424790712,-0.02474291468521331,197.123,0.00018946194445117718,5.029637316905881e-05
196.884,0.0007917164171486901,-0.027139919961695635,197.223,0.00017657094659109167,4.1255138728623184e-05
197.084,0.0014951381759087498,-0.02777810225554631,197.323,0.00016478111263176196,3.2065669013370295e-05
197.084,0.0014951381759087498,-0.02777810225554631,197.423,0.00015558243589821206,2.4127160771235695e-05
197.284,0.003203424377594264,-0.029188972467954936,197.523,0.0001477010657215643,1.663159341553114e-05
197.284,0.003203424377594264,-0.029188972467954936,197.623,0.00014087178983604768,9.441926838612733e-06
197.484,0.0038809729236118466,-0.03134761971155809,197.723,0.00013618638690145074,3.98857504821954e-06
197.484,0.0038809729236118466,-0.03134761971155809,197.823,0.00013244898873594296,-8.035105049916748e-07
197.584,0.004310590473626272,-0.03257069282997265,197.923,0.00012944120613587684,-5.101536988211872e-06
197.584,0.004310590473626272,-0.03257069282997265,198.023,0.00012801204232119122,-7.3721938565391975e-06
197.784,0.006253144530285297,-0.03303071661121176,198.123,0.00013133690123480428,-1.3842045989454677e-06
197.984,0.00818996526811007,-0.03464647495999886,198.223,0.0001337590474493697,3.4574232339847347e-06
197.984,0.00818996526811007,-0.03464647495999886,198.323,0.0001357625004119758,8.01497810295196e-06
198.184,0.010059825472699008,-0.03636715729576754,198.423,0.00013662086829991038,1.0307574172813017e-05
